<?xml version="1.0" encoding="UTF-8"?>
        <shipping xmlns="http://www.demandware.com/xml/impex/shipping/2007-03-31">
        <shipping-method method-id="001" default="true">
              <display-name xml:lang="x-default">default</display-name>
              <online-flag>true</online-flag>
              <price-table>
                  <amount order-value="0">0</amount>
              </price-table>
              <custom-attributes>
                  <custom-attribute attribute-id="storePickupEnabled">false</custom-attribute>
              </custom-attributes>
              <currency>GBP</currency>
          </shipping-method>
          <shipping-method method-id="001-" default="true">
              <display-name xml:lang="x-default">default</display-name>
              <online-flag>true</online-flag>
              <price-table>
                  <amount order-value="0">0</amount>
              </price-table>
              <custom-attributes>
                  <custom-attribute attribute-id="storePickupEnabled">false</custom-attribute>
              </custom-attributes>
              <currency></currency>
          </shipping-method>
          </shipping>