<?xml version="1.0" encoding="UTF-8"?>
<tax xmlns="http://www.demandware.com/xml/impex/tax/2007-02-14">
    <tax-classes>
        <tax-class class-id="default" default="true">
            <display-name/>
            <description/>
        </tax-class>

    </tax-classes>
    <tax-jurisdictions>
        <tax-jurisdiction jurisdiction-id="default" default="true">
            <display-name>default</display-name>
        </tax-jurisdiction>

    </tax-jurisdictions>
    <tax-rates>
        <tax-rate jurisdiction-id="default" class-id="default">0.2</tax-rate>

    </tax-rates>
</tax>
